HU number,Shipping Point,Material,Packed Quantity
LELMECB40059544061E,CND7,RPM5132371/00300,4
LELMECB40059516075E,CND7,RDH10247/1,11
LELMECB40059516075E,CND7,RDH10247/1,9
LELMECB40059599771E,CND7,RPM2530292/10M,8
LELMECB40059598521E,CND7,RPM2530292/10M,2
LELMECB40059578677E,CND7,KRC161865/2,6
LELMECB40059553964E,CND7,RDH10265/3,2
LELMECB40059553964E,CND7,RDH10265/25,2
LELMECB40059553964E,CND7,RNT44737/01,2
LELMECB40059553964E,CND7,SEF901376/0535,2
LELMECB40059553964E,CND7,RPM2531610/10M,2
LELMECB40059553964E,CND7,SEF901377/1,2
LELMECB40059548656E,CND7,RDH10265/3,2
LELMECB40059548656E,CND7,RDH10265/25,2
LELMECB40059548656E,CND7,RNT44737/01,2
LELMECB40059548656E,CND7,SEF901376/0535,2
LELMECB40059548656E,CND7,RPM2531610/10M,2
LELMECB40059548656E,CND7,SEF901377/1,2
LELMECB40059610780E,CND7,KRC161624/2,1
LELMECB40059511759E,CND7,NTB1010845/1R1A,65
LELMECB40059511759E,CND7,NTB1010845/1R1A,9
LELMECB40059513180E,CND7,NTB1010845/1R1A,16
LELMECB40059551045E,CND7,RDH10265/3,2
LELMECB40059551045E,CND7,RDH10265/25,2
LELMECB40059551045E,CND7,RNT44737/01,2
LELMECB40059551045E,CND7,SEF901376/0535,2
LELMECB40059551045E,CND7,RPM2531610/10M,2
LELMECB40059551045E,CND7,SEF901377/1,2
LELMECB40059599481E,CND7,RPM2530292/10M,8
LELMECB40059612678E,CND7,KDU1370096/11,12
LELMECB40059620949E,CND7,KDU1370096/11,1
LELMECB40059552844E,CND7,RNT44737/01,2
LELMECB40059552844E,CND7,SEF901376/0535,2
LELMECB40059552844E,CND7,RPM2531610/10M,4
LELMECB40059552844E,CND7,SEF901377/2,2
LELMECB40059571487E,CND7,KRC161865/2,12
LELMECB40059583190E,CND7,RDH10265/1,131
LELMECB40059583190E,CND7,RPM1192060/5,131
LELMECB40059583190E,CND7,SEF901377/1,131
LELMECB40059590341E,CND7,KRY901474/2,24
LELMECB40059590389E,CND7,KRY901474/2,24
LELMECB40059591430E,CND7,RPM777045/03000,131
LELMECB40059591430E,CND7,KRY901474/2,11
LELMECB40059581028E,CND7,KRC161865/2,1
LELMECB40059581028E,CND7,KRC161865/2,1
LELMECB40059581028E,CND7,KRC161865/2,1
LELMECB40059581028E,CND7,KRC161865/2,1
LELMECB40059581028E,CND7,KRC161865/2,1
LELMECB40059581028E,CND7,KRC161865/2,1
LELMECB40059542388E,CND7,RDH10265/3,1
LELMECB40059542388E,CND7,RDH10265/25,1
LELMECB40059542388E,CND7,RNT44737/01,1
LELMECB40059542388E,CND7,SEF901376/0535,1
LELMECB40059542388E,CND7,RPM2531610/10M,1
LELMECB40059542388E,CND7,SEF901377/1,1
LELMECB40059573450E,CND7,KRC161865/2,1
LELMECB40059573207E,CND7,KRC161865/2,1
LELMECB40059573412E,CND7,KRC161865/2,1
LELMECB40059609494E,CND7,RPM777527/05000,77
LELMECB40059609494E,CND7,RPM777527/05000,60
LELMECB40059610445E,CND7,RDH10265/1,411
LELMECB40059610445E,CND7,RPM777527/05000,137
LELMECB40059598538E,CND7,RPM2530292/10M,2
LELMECB40059500838E,CND7,RPM777382/05000,4
LELMECB40059552974E,CND7,RDH10248/2,3
LELMECB40059552974E,CND7,RPM2531619/10M,3
LELMECB40059552974E,CND7,RNT44737/01,3
LELMECB40059552974E,CND7,SEF901376/0535,3
LELMECB40059552974E,CND7,SEF901377/1,3
LELMECB40059552974E,CND7,RDH10248/1,3
LELMECB40059552820E,CND7,RDH10265/3,6
LELMECB40059552820E,CND7,RDH10265/25,6
LELMECB40059552820E,CND7,RNT44737/01,6
LELMECB40059552820E,CND7,SEF901376/0535,6
LELMECB40059552820E,CND7,RPM2531610/10M,6
LELMECB40059552820E,CND7,SEF901377/1,6
LELMECB40059550550E,CND7,RDH10265/3,3
LELMECB40059550550E,CND7,RDH10265/25,3
LELMECB40059550550E,CND7,RNT44737/01,3
LELMECB40059550550E,CND7,SEF901376/0535,3
LELMECB40059550550E,CND7,RPM2531610/10M,3
LELMECB40059550550E,CND7,SEF901377/1,3
LELMECB40059552677E,CND7,RDH10248/2,2
LELMECB40059552677E,CND7,RPM2531619/10M,2
LELMECB40059552677E,CND7,RNT44737/01,2
LELMECB40059552677E,CND7,SEF901376/0535,2
LELMECB40059552677E,CND7,SEF901377/1,2
LELMECB40059552677E,CND7,RDH10248/1,2
LELMECB40059552448E,CND7,RDH10265/3,5
LELMECB40059552448E,CND7,RDH10265/25,5
LELMECB40059552448E,CND7,RNT44737/01,5
LELMECB40059552448E,CND7,SEF901376/0535,5
LELMECB40059552448E,CND7,RPM2531610/10M,5
LELMECB40059552448E,CND7,SEF901377/1,5
LELMECB40059553483E,CND7,RDH10265/3,12
LELMECB40059553483E,CND7,RDH10265/25,12
LELMECB40059553483E,CND7,RNT44737/01,12
LELMECB40059553483E,CND7,SEF901376/0535,12
LELMECB40059553483E,CND7,RPM2531610/10M,12
LELMECB40059553483E,CND7,SEF901377/1,12
LELMECB40059532341E,CND7,KRC161624/2,16
LELMECB40059617918E,CND7,KRC161892/2,6
LELMECB40059617925E,CND7,KRC161892/2,1
LELMECB40059617932E,CND7,KRC161892/2,1
LELMECB40059536066E,CND7,RDH10265/3,16
LELMECB40059536066E,CND7,RDH10265/25,16
LELMECB40059536066E,CND7,RNT44737/01,16
LELMECB40059536066E,CND7,SEF901376/0535,16
LELMECB40059536066E,CND7,RPM2531610/10M,16
LELMECB40059536066E,CND7,SEF901377/1,16
LELMECB40059528603E,CND7,KRC161652/2,16
LELMECB40059529136E,CND7,KRC161652/2,16
LELMECB40059530927E,CND7,KRC161652/2,16
LELMECB40059414739E,CND7,SXK1252796/1,35
LELMECB40059414739E,CND7,SXK1252796/1,49
LELMECB40059415330E,CND7,SEF901376/0321,105
LELMECB40059415354E,CND7,SXK1252796/1,21
LELMECB40059415354E,CND7,SXK1255991/1,105
LELMECB40059415361E,CND7,SEF901377/1,210
LELMECB40059494649E,CND7,SEF901377/1,72
LELMECB40059384650E,CND7,SEF901377/2,3
LELMECB40059384650E,CND7,SEF901376/0214,3
LELMECB40059384650E,CND7,SXK1255991/1,3
LELMECB40059414784E,CND7,KRC161488/1,1
LELMECB40059414807E,CND7,KRC161488/1,1
LELMECB40059414753E,CND7,KRC161488/1,1
LELMECB40059592864E,CND7,KRC161803/2,1
LELMECB40059625357E,CND7,NCD90165/1,40
LELMECB40059627016E,CND7,SEF901304/1,64
LELMECB40059627016E,CND7,SXK1252540/1,64
LELMECB40059627016E,CND7,RNT44737/01,64
LELMECB40059414715E,CND7,KRC161488/1,48
LELMECB40059414722E,CND7,KRC161488/1,1
LELMECB40059526920E,CND7,SEF901377/1,50
LELMECB40059526920E,CND7,SXK1255991/1,50
LELMECB40059526920E,CND7,SEF901376/0321,37
LELMECB40059527026E,CND7,SEF901376/0321,7
LELMECB40059415347E,CND7,KRC161509/1,35
LELMECB40059411271E,CND7,KRC161865/2,1
LELMECB40059384667E,CND7,SEF901377/2,23
LELMECB40059384667E,CND7,SEF901376/0214,23
LELMECB40059384667E,CND7,SXK1255991/1,23
LELMECB40059528566E,CND7,SEF901377/1,58
LELMECB40059528566E,CND7,SEF901376/0321,17
LELMECB40059528566E,CND7,SXK1255991/1,65
LELMECB40059586351E,CND7,KRC161803/2,16
LELMECB40059529181E,CND7,SEF901376/0321,40
LELMECB40059529181E,CND7,SXK1255991/1,65
LELMECB40059530934E,CND7,SEF901376/0321,73
LELMECB40059531009E,CND7,KRC161652/2,1
LELMECB40059535342E,CND7,KRC161954/11,6
LELMECB40059535533E,CND7,KRC161954/11,1
LELMECB40059535564E,CND7,KRC161954/11,1
LELMECB40059410458E,CND7,KRY901345/8,60
LELMECB40059410489E,CND7,KRY901345/8,45
LELMECB40059627061E,CND7,SEF901377/1,170
LELMECB40059627061E,CND7,SXK1255991/1,36
LELMECB40059628341E,CND7,SXK1255991/1,96
LELMECB40059629461E,CND7,SXK1255991/1,38
LELMECB40059591560E,CND7,KRC161803/2,1
LELMECB40059616133E,CND7,KRD901242/11R2A,3
LELMECB40059615860E,CND7,KRD901242/11R2A,3
LELMECB40059615877E,CND7,KRD901242/11R2A,3
LELMECB40059411240E,CND7,SEF901377/1,70
LELMECB40059411240E,CND7,SEF901376/0321,25
LELMECB40059411240E,CND7,SEF901376/0321,10
LELMECB40059411240E,CND7,SXK1255991/1,35
LELMECB40059411257E,CND7,SXK1252796/1,35
LELMECB40059619578E,CND7,KRD901242/11R2A,3
LELMECB40059627023E,CND7,RNT44737/01,104
LELMECB40059549295E,CND7,RDH10265/3,10
LELMECB40059549295E,CND7,RDH10265/25,10
LELMECB40059617857E,CND7,KRD901242/11R2A,3
LELMECB40059616416E,CND7,KRD901242/11R2A,3
LELMECB40059619035E,CND7,KRD901242/11R2A,3
LELMECB40059619523E,CND7,KRD901242/11R1C,3
LELMECB40059516082E,CND7,RDH10270/1,4
LELMECB40059619547E,CND7,KRD901242/11R1B,1
LELMECB40059617895E,CND7,KRD901242/11R2A,3
LELMECB40059617901E,CND7,KRD901242/11R2A,3
LELMECB40059607209E,CND7,RPM2530292/10M,11
LELMECB40059552141E,CND7,RDH10265/3,1
LELMECB40059552141E,CND7,RDH10265/25,1
LELMECB40059552141E,CND7,RNT44737/01,1
LELMECB40059552141E,CND7,SEF901376/0535,1
LELMECB40059552141E,CND7,RPM2531610/10M,1
LELMECB40059552141E,CND7,SEF901377/1,1
